machine_id,machine_type,age_years,operational_hours,temperature_avg,temperature_std,vibration_avg,vibration_std,pressure_avg,rotation_speed_avg,humidity_avg,load_pct,oil_quality_index,days_since_last_maintenance,num_previous_failures,failure_within_14_days
M-0001,Conveyor,5.83,22752.0,56.83,1.78,2.426,0.571,102.36,1739.8,59.5,47.3,91.4,50,1,0
M-0002,Compressor,5.22,14457.0,68.09,1.66,2.815,0.313,124.81,1257.8,32.8,57.6,84.9,44,2,0
M-0003,Conveyor,2.97,8286.0,55.12,1.88,1.698,0.134,111.24,1501.5,68.9,60.3,95.1,17,1,0
M-0004,Motor,2.53,10186.0,66.37,1.92,2.54,0.236,94.63,1287.9,73.5,51.9,84.0,42,2,0
M-0005,Pump,7.15,11877.0,63.99,3.36,2.666,0.393,108.42,1343.9,44.5,43.1,84.6,27,1,0
M-0006,Turbine,6.18,12868.0,65.73,2.63,3.366,0.12,121.33,1798.2,54.1,39.6,93.3,32,0,0
M-0007,Conveyor,3.75,11566.0,55.42,2.6,2.199,0.33,125.47,1494.6,30.8,22.9,87.1,57,0,0
M-0008,Conveyor,7.42,15051.0,65.21,2.16,2.775,0.339,113.68,1343.9,56.7,46.0,95.2,41,1,1
M-0009,Pump,6.15,20502.0,66.11,2.63,2.734,0.499,97.16,1212.0,41.0,76.3,91.9,45,2,0
M-0010,Compressor,3.93,8176.0,72.28,2.74,2.912,0.407,94.25,1057.6,32.8,36.2,88.5,74,0,0
M-0011,Compressor,0.58,1029.0,63.22,2.1,2.406,0.086,107.61,1219.6,43.9,40.4,100.0,21,1,0
M-0012,Turbine,1.12,2300.0,69.53,2.42,3.935,0.419,120.83,1495.3,41.5,97.2,100.0,33,0,0
M-0013,Motor,2.5,6591.0,70.09,2.74,1.452,0.331,104.48,1697.8,43.4,53.5,95.4,47,0,0
M-0014,Conveyor,3.46,6833.0,57.8,2.4,2.247,0.261,103.98,1349.9,61.3,70.8,95.5,80,1,0
M-0015,Compressor,8.71,16226.0,70.64,3.26,3.005,0.393,97.3,1807.0,37.0,76.6,93.9,13,1,0
M-0016,Pump,4.08,15596.0,68.6,2.19,2.832,0.14,92.78,1312.6,72.3,76.9,98.7,66,0,0
M-0017,Motor,3.99,9442.0,59.83,0.92,1.954,0.126,96.38,1432.4,29.4,37.6,100.0,15,1,0
M-0018,Pump,4.59,11354.0,60.34,2.44,2.091,0.234,99.82,1239.1,70.6,60.8,89.4,18,1,0
M-0019,Conveyor,2.68,4425.0,55.62,2.42,2.132,0.238,122.75,1703.3,33.8,35.9,96.2,25,0,0
M-0020,Motor,2.06,5086.0,67.99,3.07,2.163,0.332,93.37,1924.7,48.0,109.0,100.0,5,1,0
M-0021,Conveyor,7.35,16271.0,65.75,3.49,3.716,0.511,96.11,1060.4,41.1,36.3,76.1,97,0,0
M-0022,Compressor,1.25,3935.0,77.22,2.09,2.637,0.19,85.76,1399.9,43.2,46.1,89.1,89,1,0
M-0023,Turbine,1.78,3664.0,76.68,2.43,3.625,0.493,106.28,1736.0,59.2,46.3,72.7,138,0,0
M-0024,Conveyor,3.89,15183.0,48.31,2.62,2.629,0.354,117.02,1157.9,69.0,38.1,91.1,41,1,0
M-0025,Conveyor,7.92,31764.0,66.44,3.55,3.454,0.618,117.97,1570.9,64.7,89.3,89.8,51,1,0
M-0026,Pump,2.82,4998.0,68.52,2.71,2.883,0.515,98.71,1722.2,42.3,108.6,89.1,16,0,0
M-0027,Compressor,2.55,4561.0,65.69,2.51,2.269,0.037,107.13,1506.9,50.6,56.4,96.6,1,0,0
M-0028,Pump,3.73,6749.0,64.12,1.81,2.431,0.261,95.62,1595.9,37.1,41.2,93.3,60,1,0
M-0029,Pump,5.53,17559.0,61.99,1.85,2.537,0.245,105.53,1866.5,34.1,24.7,97.4,10,1,0
M-0030,Motor,3.3,6044.0,62.31,2.96,1.788,0.188,103.11,1914.2,32.0,60.6,96.9,13,0,0
M-0031,Conveyor,8.6,32677.0,75.48,4.89,4.899,0.872,93.17,1400.3,41.9,59.3,57.6,224,2,1
M-0032,Turbine,8.83,31244.0,71.36,2.45,3.38,0.553,98.83,1348.0,51.5,53.3,90.6,7,2,0
M-0033,Compressor,3.89,14461.0,62.58,2.13,2.179,0.304,105.1,1283.8,21.2,69.0,99.0,4,0,0
M-0034,Compressor,13.81,40317.0,87.18,3.24,3.854,0.441,91.49,1665.5,47.4,72.1,95.2,4,2,0
M-0035,Compressor,4.52,18923.0,67.08,0.8,2.962,0.42,94.08,1169.8,69.2,70.8,89.6,48,1,0
M-0036,Pump,8.64,13992.0,65.83,2.11,2.099,0.471,120.84,1409.9,63.7,59.3,93.8,20,1,0
M-0037,Pump,5.43,14021.0,56.4,2.2,1.985,0.215,135.99,1500.6,39.8,45.2,97.1,18,0,0
M-0038,Compressor,5.36,12721.0,72.78,2.56,3.229,0.523,79.75,1351.3,28.4,77.0,81.8,36,3,0
M-0039,Pump,0.99,4000.0,54.91,1.87,1.386,0.144,81.77,1554.8,54.4,65.2,94.8,5,0,0
M-0040,Motor,1.65,5052.0,60.8,2.66,2.064,0.089,85.3,2049.6,15.6,81.0,100.0,6,1,0
M-0041,Compressor,3.44,12634.0,76.94,2.64,3.463,0.5,95.01,1433.3,63.5,79.2,92.2,112,0,0
M-0042,Conveyor,8.79,17230.0,66.79,2.62,3.888,0.591,107.85,1351.4,45.0,39.4,82.9,96,2,0
M-0043,Motor,5.48,22705.0,68.63,2.7,2.249,0.345,105.6,1693.3,73.6,39.2,88.0,37,1,0
M-0044,Compressor,3.46,9849.0,66.65,2.77,3.486,0.487,98.5,1508.8,23.8,51.4,71.6,110,1,0
M-0045,Conveyor,6.55,18549.0,64.67,2.13,2.093,0.222,105.47,1794.9,60.9,46.0,100.0,4,0,0
M-0046,Conveyor,8.58,35358.0,57.41,2.71,3.083,0.531,86.61,1494.6,46.6,78.6,97.0,36,0,0
M-0047,Compressor,4.31,10904.0,74.75,3.61,2.724,0.301,94.53,1422.3,43.4,71.3,100.0,51,0,0
M-0048,Compressor,5.03,12952.0,78.54,1.72,3.156,0.533,95.55,1060.7,28.8,84.8,88.3,83,0,0
M-0049,Motor,4.59,14124.0,67.06,2.05,1.774,0.345,75.73,1120.1,56.3,72.1,98.2,39,0,0
M-0050,Pump,4.12,7600.0,60.03,2.38,2.141,0.219,81.4,1069.8,57.5,68.8,86.9,38,0,0
M-0051,Pump,2.28,5397.0,63.05,1.77,2.216,0.209,82.32,1561.2,73.0,86.6,100.0,16,0,0
M-0052,Pump,2.13,4316.0,61.1,2.86,2.309,0.097,108.52,1175.8,62.1,73.5,86.7,50,0,0
M-0053,Conveyor,6.52,11598.0,57.51,2.72,2.211,0.353,101.47,1754.1,39.7,66.2,100.0,6,1,0
M-0054,Motor,8.69,33344.0,75.38,3.84,3.768,0.611,102.24,1435.6,33.9,91.6,76.2,88,1,1
M-0055,Motor,3.46,10681.0,54.89,1.89,1.633,0.26,72.78,1429.7,28.8,67.1,99.0,31,0,0
M-0056,Conveyor,3.39,8379.0,59.37,1.83,1.159,0.242,78.18,1302.5,68.6,59.5,100.0,5,0,0
M-0057,Compressor,0.73,1892.0,64.5,1.69,2.019,0.226,108.62,1629.5,37.1,49.9,95.3,16,0,0
M-0058,Motor,0.58,1556.0,61.38,2.04,2.052,0.137,59.53,1305.4,68.7,77.7,89.6,28,2,0
M-0059,Pump,10.16,32619.0,75.61,4.23,3.828,0.852,109.56,1197.9,55.4,87.3,73.1,158,1,1
M-0060,Pump,2.41,9630.0,63.56,2.35,2.079,0.453,72.61,1740.5,52.6,64.1,90.4,51,1,0
M-0061,Motor,17.27,69419.0,78.87,5.15,4.986,1.124,103.28,1482.1,43.7,88.5,72.4,71,7,1
M-0062,Compressor,2.76,7068.0,69.57,2.89,3.939,0.766,81.89,1384.6,57.2,29.5,59.3,208,2,0
M-0063,Motor,1.02,2435.0,65.08,1.48,1.748,0.296,113.07,1622.9,47.8,64.0,90.4,62,0,0
M-0064,Conveyor,4.61,12539.0,57.86,0.97,1.759,0.137,143.54,1486.5,42.8,64.3,100.0,3,0,0
M-0065,Motor,7.29,22110.0,69.01,3.49,3.16,0.565,64.25,1540.0,57.7,51.9,78.1,56,4,0
M-0066,Motor,6.75,18554.0,71.96,4.04,3.628,0.723,103.35,1248.5,46.0,107.9,79.7,67,0,0
M-0067,Motor,7.78,25500.0,66.17,2.73,2.105,0.404,72.21,1927.6,36.8,63.8,100.0,17,1,0
M-0068,Compressor,1.91,5722.0,60.27,1.07,2.762,0.151,104.84,1359.7,56.4,57.7,90.1,8,0,0
M-0069,Pump,10.01,23677.0,63.0,3.95,2.969,0.45,93.43,1801.0,47.1,65.5,94.2,37,1,0
M-0070,Compressor,10.39,25279.0,83.51,4.34,5.057,0.971,93.27,1362.3,54.8,28.9,65.9,280,2,1
M-0071,Pump,10.68,26939.0,73.31,3.36,2.987,0.595,82.53,1624.7,41.6,51.3,86.2,69,2,1
M-0072,Compressor,5.16,9053.0,72.22,3.47,3.6,0.537,107.05,1617.9,31.1,82.7,94.6,92,1,0
M-0073,Conveyor,3.25,6340.0,56.79,1.81,2.37,0.281,77.33,1725.4,72.3,53.7,89.1,67,0,0
M-0074,Pump,3.03,10469.0,68.85,1.72,1.251,0.112,115.92,1298.6,69.7,50.1,93.3,19,0,0
M-0075,Pump,1.01,2585.0,64.59,2.45,2.182,0.487,92.02,1711.4,60.4,88.6,97.7,43,0,0
M-0076,Compressor,2.81,5849.0,76.82,4.91,3.269,0.802,75.83,1855.2,42.6,89.1,87.5,132,0,0
M-0077,Compressor,0.31,932.0,64.2,2.05,2.775,0.242,121.35,1432.1,43.8,74.3,92.2,16,0,0
M-0078,Motor,0.88,3098.0,57.57,2.59,1.293,0.02,98.71,1503.7,67.4,56.8,98.7,3,0,0
M-0079,Motor,5.12,11238.0,71.22,5.08,3.879,0.785,119.08,1299.1,43.0,60.7,71.8,343,1,1
M-0080,Conveyor,3.55,13232.0,60.43,2.34,2.053,0.316,115.44,1405.2,39.1,50.5,93.3,22,4,0
M-0081,Motor,4.96,19880.0,78.36,3.3,3.089,0.873,82.44,1804.6,74.2,47.1,57.5,209,1,0
M-0082,Compressor,6.92,21541.0,71.41,3.38,2.897,0.31,95.49,1241.7,47.3,46.2,84.2,40,2,0
M-0083,Conveyor,5.62,18582.0,58.14,1.51,2.878,0.331,99.26,1265.4,72.8,53.9,93.9,37,1,0
M-0084,Pump,5.29,8692.0,66.61,3.37,2.94,0.362,118.94,1827.1,28.4,46.4,95.1,48,1,0
M-0085,Pump,4.03,16315.0,56.08,2.34,2.289,0.379,104.2,1615.7,55.3,36.9,95.3,39,0,0
M-0086,Pump,2.33,5975.0,63.89,1.17,2.618,0.402,99.1,1928.6,77.0,68.9,87.0,148,0,0
M-0087,Conveyor,1.45,5792.0,50.1,1.66,1.855,0.04,96.24,1390.1,48.4,69.2,95.8,24,1,0
M-0088,Compressor,2.87,8800.0,77.62,2.92,2.71,0.436,96.55,1496.9,44.3,95.6,97.9,7,0,0
M-0089,Pump,4.08,6163.0,69.64,2.6,3.247,0.545,114.94,1317.3,31.7,53.0,80.9,88,0,1
M-0090,Motor,4.46,7148.0,58.21,3.02,2.21,0.383,97.14,1498.7,63.2,70.3,81.5,52,1,0
M-0091,Pump,7.79,25992.0,57.82,1.93,2.935,0.391,91.97,1081.6,37.2,70.6,96.0,2,2,0
M-0092,Motor,3.81,11506.0,64.3,1.51,2.366,0.265,89.98,1626.8,46.7,60.4,93.7,51,0,0
M-0093,Compressor,6.26,9835.0,71.77,2.91,2.928,0.403,88.37,1527.6,30.7,78.4,90.3,75,2,0
M-0094,Compressor,1.16,4073.0,62.16,2.13,2.348,0.365,78.75,1469.1,69.8,79.0,90.7,17,0,0
M-0095,Compressor,5.17,19652.0,75.95,2.0,2.452,0.327,87.61,1392.9,64.2,70.9,100.0,24,0,0
M-0096,Motor,4.92,13969.0,64.37,2.8,1.675,0.299,119.48,1286.3,47.6,60.4,100.0,6,2,0
M-0097,Compressor,10.01,27602.0,74.17,2.25,3.23,0.587,93.74,1622.2,31.8,58.6,94.3,15,2,0
M-0098,Pump,3.55,5374.0,59.54,2.41,2.971,0.188,107.93,1220.6,69.5,40.4,95.9,51,0,0
M-0099,Pump,3.43,12447.0,62.9,1.95,1.414,0.154,64.2,1600.3,42.9,50.5,98.2,1,2,0
M-0100,Turbine,6.95,16636.0,72.11,1.74,3.524,0.43,104.82,1921.1,32.5,53.8,96.0,67,1,0
M-0101,Turbine,1.56,6025.0,74.9,2.21,3.989,0.445,93.73,1781.7,23.3,44.8,64.0,131,0,1
M-0102,Motor,5.08,12728.0,66.2,2.16,1.792,0.351,91.53,1149.4,39.0,72.9,100.0,5,0,0
M-0103,Pump,1.48,4490.0,57.34,3.62,2.331,0.331,100.04,1353.9,27.6,86.5,87.6,26,1,0
M-0104,Turbine,12.94,28847.0,82.97,3.43,3.571,0.422,88.85,1545.3,39.3,48.7,93.0,11,1,0
M-0105,Conveyor,3.09,5983.0,56.6,0.99,2.194,0.247,68.86,1468.7,58.4,70.1,98.1,30,0,0
M-0106,Motor,1.39,5011.0,68.03,0.2,1.822,0.259,111.49,1176.1,42.7,46.4,99.6,71,0,0
M-0107,Compressor,2.86,8114.0,62.81,2.5,2.597,0.343,101.91,1567.9,53.0,59.5,100.0,48,0,0
M-0108,Pump,5.1,15033.0,58.71,2.18,2.256,0.336,93.64,1475.7,37.9,52.6,96.6,24,1,0
M-0109,Pump,6.13,25154.0,59.99,3.23,2.835,0.424,83.69,1889.9,48.9,75.8,89.8,10,3,0
M-0110,Turbine,9.67,39673.0,82.48,3.22,4.878,0.731,73.43,1376.9,74.9,52.8,86.2,182,1,1
M-0111,Compressor,2.59,9859.0,68.83,2.47,2.732,0.284,101.11,1734.2,43.1,83.2,95.7,14,0,0
M-0112,Pump,7.16,14376.0,61.93,2.93,1.936,0.275,120.12,1193.5,53.4,60.6,96.3,16,0,0
M-0113,Compressor,0.88,2720.0,60.86,1.49,1.999,0.199,102.15,1266.0,26.1,53.3,91.0,1,0,0
M-0114,Motor,1.79,6946.0,63.96,2.61,2.493,0.431,76.99,1617.7,69.3,42.4,93.2,200,0,0
M-0115,Pump,1.19,2997.0,61.19,2.11,2.014,0.429,101.56,1720.5,41.3,69.6,93.9,68,0,0
M-0116,Conveyor,2.22,3944.0,57.39,2.81,2.511,0.498,96.62,1259.7,62.7,81.1,100.0,90,0,0
M-0117,Conveyor,6.95,25642.0,60.88,3.08,3.009,0.586,107.87,1457.8,46.3,69.9,79.1,87,0,0
M-0118,Motor,2.64,7390.0,74.67,3.38,2.123,0.483,105.05,1157.2,56.6,105.3,100.0,24,0,0
M-0119,Compressor,3.05,9229.0,70.44,2.28,2.535,0.374,55.37,1428.3,57.4,90.7,96.0,27,1,0
M-0120,Motor,5.2,21569.0,72.95,1.91,2.319,0.296,104.41,1647.8,41.7,59.5,86.0,76,0,0
M-0121,Motor,5.95,18682.0,65.78,3.9,1.955,0.402,82.71,1367.9,63.3,59.3,85.1,58,2,0
M-0122,Motor,3.13,8274.0,63.23,1.58,1.273,0.228,78.91,1431.9,37.4,73.5,100.0,4,0,0
M-0123,Pump,1.78,4456.0,59.46,1.53,1.572,0.221,96.38,1240.5,58.9,49.9,99.4,31,1,0
M-0124,Compressor,11.61,30495.0,79.64,4.66,4.908,0.999,97.23,1261.5,42.5,86.0,57.2,147,2,1
M-0125,Pump,3.14,5717.0,67.61,2.21,2.126,0.37,75.25,1866.8,52.9,71.5,96.0,42,0,0
M-0126,Compressor,3.39,12358.0,69.09,2.17,3.086,0.272,107.45,1488.9,41.5,69.6,83.4,45,2,0
M-0127,Compressor,3.72,14008.0,71.65,2.26,2.559,0.238,108.63,1256.3,48.7,77.4,93.7,14,0,0
M-0128,Pump,6.38,14479.0,73.23,4.1,3.968,0.945,93.66,1352.0,33.0,96.0,81.5,181,1,1
M-0129,Pump,1.1,2556.0,66.24,2.95,2.901,0.537,84.25,1108.1,51.5,68.1,63.8,110,0,0
M-0130,Motor,14.51,56032.0,70.06,2.07,2.999,0.589,81.01,1217.5,48.6,63.0,86.4,32,6,0
M-0131,Pump,3.32,5192.0,69.4,3.65,2.15,0.36,111.65,1768.8,40.4,92.2,100.0,20,1,0
M-0132,Turbine,6.53,18975.0,75.12,2.62,3.85,0.412,75.62,1432.3,47.2,82.4,93.5,15,1,0
M-0133,Motor,1.41,3881.0,63.17,2.22,1.758,0.201,113.92,1904.9,49.9,59.2,94.9,24,1,0
M-0134,Compressor,4.83,16248.0,72.96,1.29,2.739,0.312,96.04,1460.5,39.4,65.1,96.9,8,0,0
M-0135,Motor,13.11,25451.0,74.65,2.72,2.981,0.754,94.65,1447.0,46.2,68.5,98.9,13,1,0
M-0136,Pump,11.96,39510.0,71.44,2.65,2.362,0.533,71.95,1594.5,33.9,71.5,88.3,2,2,1
M-0137,Turbine,6.42,16150.0,70.7,3.93,4.263,0.58,93.8,865.4,80.8,40.6,78.1,89,2,0
M-0138,Compressor,2.1,6660.0,62.03,1.4,2.282,0.02,107.93,1537.7,62.8,37.2,100.0,4,0,0
M-0139,Conveyor,9.34,15024.0,56.06,3.06,3.078,0.345,78.35,1456.2,51.8,49.0,95.5,2,3,0
M-0140,Pump,0.87,2388.0,63.98,1.66,2.008,0.371,105.5,1810.3,64.4,47.6,100.0,88,0,0
M-0141,Compressor,2.04,5925.0,67.7,1.78,2.498,0.286,99.79,1695.8,20.3,53.4,92.0,35,0,0
M-0142,Compressor,4.04,8402.0,66.09,2.53,3.075,0.02,87.84,1215.2,12.2,76.4,84.6,58,1,0
M-0143,Turbine,0.95,1792.0,69.17,2.94,3.027,0.347,110.17,1753.1,42.4,62.0,91.2,78,0,0
M-0144,Motor,2.85,5728.0,57.38,0.96,1.641,0.45,67.58,1424.5,28.7,68.5,93.1,31,2,0
M-0145,Compressor,7.26,17641.0,72.0,1.97,3.5,0.235,101.5,1263.3,44.7,43.0,91.5,61,1,0
M-0146,Pump,2.42,4259.0,53.59,0.77,1.291,0.369,121.5,1530.2,50.9,56.7,99.8,33,0,0
M-0147,Compressor,7.49,30400.0,82.5,3.22,4.267,0.455,113.84,1384.3,60.9,75.6,70.7,171,1,1
M-0148,Motor,16.98,44027.0,79.46,3.6,4.469,0.883,98.57,1760.9,32.1,75.7,88.4,76,4,1
M-0149,Compressor,5.63,20744.0,76.04,1.27,2.499,0.296,93.81,1552.8,53.6,52.0,97.5,16,0,0
M-0150,Pump,7.41,30591.0,69.3,2.27,2.524,0.189,87.86,1508.8,48.2,67.9,86.4,32,0,0
M-0151,Conveyor,9.55,16407.0,65.01,2.3,3.474,0.679,90.41,1638.0,52.9,104.6,96.9,10,1,0
M-0152,Conveyor,3.07,9991.0,60.47,1.6,2.457,0.404,105.72,1719.2,40.7,64.7,95.7,57,0,0
M-0153,Pump,7.29,28082.0,58.33,3.16,2.086,0.388,86.18,1644.1,67.4,52.5,94.9,13,3,0
M-0154,Motor,3.01,9659.0,59.9,2.39,1.735,0.331,108.88,1792.8,46.6,61.9,91.6,33,0,0
M-0155,Pump,5.36,14243.0,65.27,2.56,2.564,0.311,127.34,1605.5,72.8,66.7,89.4,34,0,0
M-0156,Motor,8.03,21401.0,58.15,1.96,2.022,0.197,96.3,1505.1,36.9,62.3,100.0,37,0,0
M-0157,Compressor,2.18,3488.0,65.24,0.9,2.484,0.256,80.31,1762.8,58.4,64.4,98.8,13,0,0
M-0158,Motor,0.35,1032.0,58.13,1.25,1.814,0.392,80.01,1466.9,47.2,39.0,87.6,34,1,0
M-0159,Conveyor,2.01,8415.0,59.51,2.44,2.95,0.471,108.29,1478.2,43.4,47.7,82.9,84,0,0
M-0160,Conveyor,8.83,36087.0,57.4,3.35,3.055,0.254,95.63,1839.0,56.9,62.3,83.3,13,2,0
M-0161,Pump,1.8,2897.0,60.86,2.34,2.588,0.027,111.49,1848.0,43.8,62.0,100.0,19,0,0
M-0162,Turbine,8.51,28969.0,75.74,3.33,4.068,0.403,88.65,1454.6,10.7,54.8,86.1,54,1,0
M-0163,Pump,2.02,4677.0,64.6,1.33,1.688,0.02,110.9,1392.0,5.1,61.8,100.0,10,0,0
M-0164,Pump,3.63,14311.0,67.26,2.91,2.526,0.477,94.06,1780.0,65.8,66.1,84.1,137,2,0
M-0165,Motor,4.25,6894.0,64.43,2.47,2.308,0.449,86.65,1641.3,65.2,81.0,95.4,65,1,0
M-0166,Compressor,1.79,7220.0,67.75,2.16,3.162,0.165,92.3,1546.0,74.4,63.2,86.4,66,0,0
M-0167,Conveyor,3.66,13784.0,52.9,3.58,3.027,0.406,80.96,1403.5,47.8,72.2,93.9,56,0,0
M-0168,Conveyor,1.02,1846.0,55.07,0.64,2.254,0.213,127.32,1567.0,29.9,55.3,100.0,17,0,0
M-0169,Compressor,3.28,5454.0,69.99,1.99,2.809,0.214,96.97,1476.3,42.1,75.3,100.0,27,0,0
M-0170,Turbine,4.0,15008.0,80.15,2.95,2.59,0.274,107.11,1332.3,48.2,71.8,95.9,32,1,0
M-0171,Compressor,0.37,720.0,64.69,1.19,2.654,0.057,90.96,1511.3,33.9,80.6,95.4,35,0,0
M-0172,Motor,2.0,5880.0,63.35,1.85,1.516,0.264,83.3,1536.2,71.1,77.8,100.0,62,1,0
M-0173,Pump,5.24,20832.0,61.68,2.13,1.869,0.355,94.19,1388.9,79.4,75.6,91.3,17,0,0
M-0174,Turbine,1.61,4896.0,68.52,1.73,2.66,0.214,114.45,1687.9,54.7,63.2,97.4,27,0,0
M-0175,Pump,5.86,15075.0,73.83,2.63,3.683,0.694,87.14,1720.9,47.8,69.4,65.1,157,1,1
M-0176,Pump,6.26,16909.0,70.64,3.75,3.586,0.628,82.77,1656.7,29.9,84.1,89.9,129,1,0
M-0177,Compressor,5.23,8733.0,72.95,2.66,2.864,0.277,100.14,1416.3,69.7,53.3,93.6,16,1,0
M-0178,Turbine,7.23,29758.0,71.63,3.05,3.683,0.46,103.68,1629.0,49.1,53.7,88.9,50,2,0
M-0179,Conveyor,0.95,2221.0,57.41,1.18,1.517,0.253,122.47,1511.2,44.0,68.3,97.9,11,0,0
M-0180,Conveyor,8.27,16640.0,63.43,2.82,2.917,0.428,101.58,1190.2,54.7,72.5,88.2,18,0,0
M-0181,Conveyor,1.82,4132.0,54.63,1.32,1.537,0.229,108.04,1637.1,39.8,50.2,95.8,18,0,0
M-0182,Conveyor,4.61,18927.0,58.98,2.42,2.198,0.381,107.07,1498.4,50.1,63.7,79.3,48,2,0
M-0183,Motor,12.78,22426.0,85.98,5.15,3.835,0.664,77.58,1999.9,27.8,63.3,80.6,119,1,1
M-0184,Compressor,3.23,12401.0,64.08,2.15,2.307,0.31,84.93,1802.8,63.2,25.1,94.8,29,0,0
M-0185,Conveyor,4.33,14768.0,63.12,2.14,3.306,0.406,81.21,1615.8,46.5,61.0,90.5,136,1,0
M-0186,Motor,1.83,6840.0,64.04,2.7,2.602,0.431,78.43,1521.9,64.2,62.2,79.3,100,0,0
M-0187,Compressor,12.7,52518.0,82.15,2.33,3.461,0.54,106.77,1486.9,45.2,62.1,95.1,34,1,0
M-0188,Pump,2.0,7552.0,69.93,2.06,2.842,0.411,100.65,1240.8,46.1,90.5,84.3,51,0,0
M-0189,Conveyor,6.63,26846.0,57.56,2.0,2.606,0.368,98.1,1083.6,31.0,43.1,89.7,43,0,0
M-0190,Pump,9.54,17578.0,69.71,2.69,2.297,0.437,59.82,1264.4,58.6,50.2,100.0,81,2,0
M-0191,Turbine,7.06,25773.0,75.21,3.31,3.572,0.269,125.44,1451.9,35.7,18.0,84.7,41,2,1
M-0192,Pump,5.46,16222.0,61.08,2.69,2.053,0.362,85.25,1011.6,41.2,56.3,95.6,32,0,0
M-0193,Pump,4.56,13536.0,66.83,2.74,2.156,0.37,126.25,1352.5,48.0,57.9,87.9,41,0,0
M-0194,Conveyor,1.4,5485.0,57.37,1.36,2.748,0.324,78.32,1429.9,49.7,55.8,90.9,39,0,0
M-0195,Pump,12.34,50891.0,72.16,3.12,2.921,0.567,83.43,1394.1,24.1,84.9,90.4,13,2,0
M-0196,Pump,5.15,17513.0,62.9,2.49,2.297,0.51,66.96,1329.6,44.8,80.5,99.8,1,1,0
M-0197,Motor,4.33,12145.0,65.5,1.77,1.497,0.236,103.33,1405.3,59.1,66.4,96.4,23,1,0
M-0198,Conveyor,1.69,4624.0,55.75,1.72,2.284,0.115,83.55,1867.7,42.7,58.3,94.6,20,0,0
M-0199,Pump,4.49,11408.0,78.34,4.64,4.46,0.768,77.3,1559.3,44.9,83.5,64.1,269,0,1
M-0200,Compressor,4.13,10238.0,66.29,2.09,2.865,0.139,78.66,1352.8,50.3,64.6,91.4,38,2,0
M-0201,Conveyor,12.78,32683.0,72.29,3.48,3.282,0.745,105.97,1429.7,46.2,50.3,86.0,40,1,0
M-0202,Turbine,4.33,7543.0,66.7,3.26,2.829,0.452,107.81,1469.6,33.6,34.1,95.6,49,1,0
M-0203,Motor,4.43,7578.0,67.01,2.26,2.294,0.389,123.08,1305.3,47.5,57.1,94.4,53,3,0
M-0204,Pump,1.71,6170.0,58.95,2.65,2.302,0.128,89.22,1317.6,61.9,78.6,100.0,8,0,0
M-0205,Pump,2.35,6354.0,73.62,3.14,2.838,0.63,99.58,1683.1,33.3,106.0,100.0,29,0,0
M-0206,Pump,6.11,24512.0,58.54,1.32,1.781,0.252,80.07,1386.6,42.8,66.1,98.7,4,0,0
M-0207,Pump,0.77,2430.0,56.01,1.1,1.685,0.144,94.6,1251.2,28.7,51.2,90.2,1,0,0
M-0208,Motor,8.24,13149.0,65.91,2.47,3.397,0.636,88.81,1446.4,61.2,43.7,77.3,33,4,0
M-0209,Pump,8.39,16155.0,76.32,3.45,3.953,0.821,99.95,1452.2,46.7,74.9,73.0,179,1,1
M-0210,Motor,2.15,4415.0,57.57,2.0,2.13,0.468,112.76,1049.4,36.1,33.2,90.5,29,0,0
M-0211,Motor,5.47,22615.0,63.3,2.72,1.782,0.351,111.61,1465.6,49.3,74.9,93.5,3,1,0
M-0212,Motor,9.74,20366.0,61.57,3.78,2.713,0.467,84.14,1645.2,31.1,79.7,91.8,16,1,0
M-0213,Pump,3.89,11255.0,62.83,2.35,2.194,0.216,112.21,1579.4,33.5,72.9,93.1,9,0,0
M-0214,Conveyor,3.37,13560.0,57.0,2.19,2.738,0.17,96.84,1961.9,27.6,61.0,84.1,58,1,0
M-0215,Motor,3.69,15267.0,58.77,1.03,1.702,0.28,93.38,1751.8,33.1,75.2,91.0,17,2,0
M-0216,Conveyor,5.14,10986.0,64.56,2.66,2.553,0.513,87.09,1785.1,67.0,68.1,82.2,47,2,0
M-0217,Pump,2.61,4256.0,55.7,2.05,2.168,0.303,90.73,2099.9,37.7,51.0,93.1,25,1,0
M-0218,Pump,3.15,6031.0,70.78,3.05,3.198,0.487,120.54,1623.5,54.5,98.3,91.5,46,0,0
M-0219,Turbine,5.21,8706.0,67.99,3.55,3.497,0.211,102.2,1512.2,36.3,58.7,99.9,43,0,0
M-0220,Compressor,2.95,5983.0,80.45,3.75,4.048,0.524,98.43,1669.0,58.6,79.0,75.4,99,2,0
M-0221,Compressor,1.58,4793.0,68.18,2.27,2.258,0.281,95.53,1368.0,33.6,21.5,97.7,17,0,0
M-0222,Compressor,0.7,2766.0,63.6,1.55,2.48,0.311,132.56,1504.8,48.5,88.0,99.7,19,0,0
M-0223,Motor,4.39,12956.0,65.13,2.53,2.931,0.473,114.71,1317.4,48.7,91.4,90.4,29,2,0
M-0224,Turbine,9.35,29830.0,77.24,2.78,3.842,0.377,86.33,1547.4,80.6,65.5,91.4,33,0,0
M-0225,Compressor,5.66,11578.0,68.12,1.88,2.503,0.411,93.92,1331.3,56.8,75.1,97.3,10,1,0
M-0226,Turbine,1.64,5987.0,68.26,2.34,2.462,0.02,95.57,1332.8,39.7,75.1,97.6,36,0,0
M-0227,Pump,2.34,7399.0,67.63,2.47,2.254,0.34,100.03,1568.3,57.6,53.4,89.5,60,0,0
M-0228,Motor,3.35,12832.0,60.27,1.43,1.667,0.512,88.63,1452.3,77.9,74.8,98.4,14,0,0
M-0229,Motor,13.04,52976.0,76.89,4.61,3.642,0.587,99.77,1004.2,25.2,50.4,73.7,97,4,1
M-0230,Pump,13.49,32915.0,76.84,3.75,3.952,0.658,114.5,1114.2,36.2,54.0,83.0,80,4,0
M-0231,Pump,12.5,21804.0,78.92,3.01,4.246,0.779,74.81,1171.2,44.7,85.3,76.3,74,3,0
M-0232,Compressor,4.72,9956.0,71.1,2.66,3.569,0.371,81.03,1270.0,42.2,82.5,97.9,63,0,0
M-0233,Turbine,24.03,64460.0,86.75,4.79,4.952,1.036,84.91,1497.5,43.3,52.3,84.7,48,6,1
M-0234,Motor,2.43,9859.0,55.6,2.57,1.693,0.277,92.59,1533.6,29.7,51.8,96.4,30,0,0
M-0235,Turbine,3.25,8204.0,66.55,2.09,3.249,0.325,125.88,1710.7,67.7,53.4,90.2,50,2,0
M-0236,Conveyor,7.83,28034.0,66.61,3.81,3.081,0.665,109.18,1611.1,28.1,78.2,82.5,86,1,0
M-0237,Compressor,5.23,15476.0,67.58,2.31,2.45,0.288,111.36,1714.8,45.2,47.0,100.0,26,0,0
M-0238,Conveyor,5.44,10846.0,57.19,1.38,2.059,0.596,94.52,1613.9,62.6,71.4,100.0,8,0,0
M-0239,Pump,1.89,4466.0,72.86,2.25,3.009,0.541,91.74,1498.2,47.6,78.4,75.7,142,0,0
M-0240,Pump,4.11,13421.0,60.44,3.29,2.98,0.417,76.7,1708.4,34.3,63.4,96.7,117,1,0
M-0241,Conveyor,2.46,8166.0,56.23,2.92,2.959,0.117,109.06,1681.1,29.1,83.2,99.8,20,0,0
M-0242,Conveyor,1.31,3492.0,54.83,1.98,1.658,0.121,106.12,1574.2,44.8,59.5,98.7,23,0,0
M-0243,Pump,2.71,5728.0,59.88,3.17,2.286,0.422,115.93,1756.3,37.4,61.2,93.7,71,0,0
M-0244,Motor,5.23,18041.0,70.7,2.95,2.137,0.184,94.88,959.5,50.9,47.4,93.8,26,1,0
M-0245,Motor,7.0,13682.0,73.54,3.4,2.803,0.281,94.05,1391.5,28.4,83.3,85.7,27,2,0
M-0246,Conveyor,0.67,2700.0,55.49,1.27,2.058,0.188,101.53,1423.2,59.4,51.2,96.8,36,0,0
M-0247,Motor,4.25,8541.0,70.25,3.09,1.784,0.385,111.0,1736.9,49.6,71.3,100.0,12,1,0
M-0248,Compressor,3.98,7117.0,62.79,2.61,3.248,0.315,77.31,1822.0,50.7,63.7,90.9,37,0,0
M-0249,Compressor,5.04,14337.0,68.44,2.01,3.027,0.265,108.31,1158.6,68.2,46.0,92.0,11,2,0
M-0250,Compressor,1.66,4827.0,67.03,1.45,1.955,0.02,98.78,1800.0,41.9,54.0,96.4,20,0,0
M-0251,Motor,1.69,4861.0,61.48,2.49,2.232,0.369,82.95,1217.2,37.8,89.9,95.8,16,0,0
M-0252,Conveyor,9.51,25488.0,60.88,1.54,2.984,0.445,68.02,1217.5,40.3,68.6,100.0,4,2,0
M-0253,Compressor,2.17,9090.0,65.98,2.93,3.072,0.191,95.4,1418.2,45.3,46.8,84.5,94,0,0
M-0254,Pump,3.13,8815.0,64.35,1.55,2.306,0.38,118.6,1411.2,46.7,70.5,90.0,18,2,0
M-0255,Pump,3.39,9449.0,65.92,2.36,2.038,0.347,121.74,1138.0,36.4,62.4,89.7,17,0,0
M-0256,Conveyor,2.5,6597.0,84.51,5.47,6.231,1.356,93.55,1514.4,19.7,127.2,43.0,297,2,1
M-0257,Conveyor,5.98,10050.0,52.84,2.47,2.837,0.459,124.47,1615.7,40.1,70.1,85.4,41,1,0
M-0258,Pump,5.64,17483.0,57.69,1.67,1.358,0.331,97.74,1713.2,53.0,58.1,100.0,2,1,0
M-0259,Pump,3.85,8137.0,67.06,2.47,2.411,0.436,110.51,1372.7,49.9,90.6,100.0,26,0,0
M-0260,Motor,2.62,8440.0,62.68,3.12,1.423,0.318,92.37,1476.6,64.8,31.9,94.0,19,0,0
M-0261,Pump,3.62,5932.0,52.5,3.19,1.857,0.146,90.51,1467.6,75.4,66.7,82.8,30,1,0
M-0262,Conveyor,4.52,18744.0,66.58,3.02,3.428,0.299,87.02,1832.1,58.6,100.9,100.0,9,0,0
M-0263,Compressor,2.34,6467.0,66.45,1.88,2.473,0.132,70.1,864.6,67.4,62.9,94.6,9,0,0
M-0264,Pump,6.29,24651.0,58.87,2.71,2.04,0.274,116.15,1268.4,58.7,33.8,100.0,4,0,0
M-0265,Turbine,8.2,22839.0,78.68,3.5,3.441,0.491,87.49,1461.5,71.9,57.9,92.7,58,0,0
M-0266,Pump,10.57,17582.0,67.49,2.8,3.309,0.613,83.98,1207.2,73.9,91.2,93.2,1,2,0
M-0267,Compressor,10.16,37799.0,73.86,3.31,4.177,0.707,78.53,1387.5,61.3,71.8,80.7,70,1,0
M-0268,Pump,3.37,10952.0,62.17,0.92,1.595,0.351,95.78,1457.0,57.9,49.9,94.2,8,3,0
M-0269,Pump,4.68,16895.0,72.26,3.28,2.481,0.308,121.73,1322.0,45.1,52.7,85.5,65,1,0
M-0270,Pump,3.79,10072.0,69.71,3.59,2.464,0.35,127.05,1488.8,47.4,54.9,92.6,58,1,0
M-0271,Pump,3.78,12187.0,64.61,2.39,1.616,0.239,74.51,1613.0,43.3,71.5,92.6,50,2,0
M-0272,Pump,3.6,13738.0,66.15,1.22,2.345,0.347,92.38,1418.1,56.7,89.1,93.3,2,0,0
M-0273,Pump,4.31,13816.0,66.96,2.79,2.16,0.379,83.05,1372.5,37.9,83.9,99.5,20,0,0
M-0274,Motor,9.09,22180.0,66.7,2.69,2.911,0.222,109.21,1411.5,45.3,73.2,76.6,48,2,1
M-0275,Motor,5.34,17568.0,66.17,1.73,1.617,0.508,102.34,1479.6,15.0,41.0,97.6,1,0,0
M-0276,Compressor,1.6,5293.0,61.99,2.14,2.221,0.227,90.39,1109.3,72.1,41.1,100.0,17,0,0
M-0277,Compressor,7.98,32658.0,73.22,2.87,3.779,0.366,97.76,1564.9,44.9,74.6,93.2,23,1,0
M-0278,Motor,4.99,12490.0,68.62,2.64,2.535,0.676,89.49,1357.7,54.4,40.8,77.8,95,1,0
M-0279,Conveyor,6.03,15959.0,59.51,1.86,2.489,0.266,120.6,1755.0,68.4,60.9,98.0,12,0,0
M-0280,Conveyor,5.27,19454.0,57.11,2.21,2.874,0.282,105.97,1611.0,52.2,70.5,100.0,10,0,0
M-0281,Pump,5.44,15582.0,59.34,3.25,3.263,0.583,104.06,1697.6,68.2,44.5,66.7,154,1,0
M-0282,Pump,5.61,19580.0,63.84,1.67,2.736,0.488,60.43,1252.5,30.6,46.6,93.2,21,2,0
M-0283,Pump,0.84,2291.0,61.03,1.5,1.515,0.143,98.53,1412.3,81.6,63.3,99.9,21,0,0
M-0284,Pump,5.98,12440.0,66.86,2.8,3.009,0.409,126.23,1193.6,63.2,74.1,99.2,65,0,0
M-0285,Motor,2.42,8506.0,66.82,2.52,2.523,0.52,115.57,1311.2,50.9,84.1,87.9,55,0,0
M-0286,Compressor,2.94,5460.0,75.59,1.47,2.869,0.378,71.95,1750.8,68.0,75.9,87.9,26,0,0
M-0287,Pump,4.29,8730.0,64.03,2.88,2.121,0.305,93.51,1803.6,31.6,66.3,94.6,43,0,0
M-0288,Compressor,11.64,37166.0,76.44,1.45,3.414,0.636,78.93,1199.6,44.0,51.6,86.6,18,4,0
M-0289,Motor,1.85,6511.0,67.22,1.78,1.711,0.501,122.48,1382.6,68.2,45.7,96.1,54,0,0
M-0290,Pump,4.18,16377.0,62.71,1.71,2.189,0.287,101.87,1465.8,21.9,55.8,94.8,7,0,0
M-0291,Conveyor,3.54,7912.0,52.59,2.16,2.204,0.264,87.73,1611.7,55.8,72.4,94.8,7,0,0
M-0292,Pump,7.9,14216.0,55.32,2.94,2.38,0.411,97.54,1079.8,55.5,71.1,93.5,20,2,0
M-0293,Turbine,3.46,14140.0,65.94,2.56,2.54,0.335,62.46,1135.7,75.6,27.2,99.5,1,0,0
M-0294,Pump,5.03,9649.0,66.83,2.0,2.585,0.287,82.34,1579.9,25.8,50.9,82.2,12,2,0
M-0295,Conveyor,1.86,3774.0,56.59,2.67,2.841,0.29,98.33,1046.7,70.5,86.7,98.6,33,0,0
M-0296,Turbine,8.78,20086.0,78.19,2.98,3.452,0.309,108.21,1360.9,40.2,66.4,82.7,19,2,0
M-0297,Turbine,1.2,3523.0,67.97,0.8,2.344,0.068,71.96,1526.0,41.7,39.5,91.2,7,1,0
M-0298,Conveyor,5.92,22992.0,84.22,6.33,5.651,1.032,84.82,1480.7,30.9,107.4,64.3,281,1,1
M-0299,Conveyor,5.06,17965.0,58.55,1.69,3.183,0.376,111.32,1437.2,32.8,64.5,97.5,88,0,0
M-0300,Motor,5.58,19041.0,67.12,2.6,2.353,0.504,77.41,1394.0,53.6,71.9,92.8,14,0,0
M-0301,Conveyor,1.22,2407.0,60.94,2.68,2.231,0.405,100.69,1657.5,32.4,72.2,82.1,83,0,0
M-0302,Pump,3.41,8410.0,72.28,2.93,2.569,0.346,97.55,1524.8,58.4,58.4,84.0,116,0,0
M-0303,Motor,7.65,21360.0,60.64,2.36,2.053,0.335,120.92,1323.0,38.7,51.9,100.0,63,0,0
M-0304,Motor,12.76,24220.0,75.1,4.44,3.628,0.89,90.26,1434.9,31.0,103.2,87.6,3,4,0
M-0305,Conveyor,3.96,8858.0,63.74,1.7,3.295,0.516,94.56,1550.2,40.6,83.1,89.6,38,0,0
M-0306,Compressor,7.18,16752.0,77.94,2.66,2.748,0.421,108.78,1842.2,52.7,79.8,100.0,33,0,0
M-0307,Compressor,4.72,8697.0,71.63,2.21,2.53,0.335,78.64,1641.6,44.1,75.4,87.7,35,1,0
M-0308,Motor,4.11,12270.0,61.29,1.57,1.355,0.338,95.65,1753.0,48.5,46.9,100.0,5,0,0
M-0309,Pump,3.12,10613.0,70.75,3.22,2.945,0.39,89.72,1321.8,57.7,88.0,79.0,57,2,0
M-0310,Pump,4.3,7267.0,70.37,3.5,2.926,0.499,94.46,1344.2,63.2,49.8,78.9,96,1,1
M-0311,Compressor,6.76,18927.0,68.77,2.28,3.08,0.589,109.26,1418.7,43.7,70.1,87.2,4,1,1
M-0312,Compressor,7.14,25772.0,71.41,2.94,3.284,0.378,105.18,1439.4,33.4,35.5,93.2,14,0,0
M-0313,Pump,1.46,5155.0,62.92,1.69,0.945,0.066,89.08,1273.3,49.1,28.3,100.0,1,0,0
M-0314,Compressor,2.9,10748.0,76.79,1.81,3.163,0.368,99.65,1753.0,54.6,70.7,94.1,78,0,0
M-0315,Compressor,1.78,4812.0,81.12,3.41,4.01,0.604,115.36,1632.4,27.5,50.4,59.0,217,0,0
M-0316,Compressor,4.46,16569.0,67.27,1.88,2.715,0.109,86.87,1416.0,35.5,29.2,96.1,1,0,0
M-0317,Compressor,3.32,7137.0,73.95,2.61,3.128,0.576,97.97,1595.5,37.9,74.7,71.9,103,2,0
M-0318,Motor,5.45,13490.0,73.27,3.4,2.853,0.65,92.92,1499.8,45.1,103.2,95.3,27,1,0
M-0319,Compressor,5.71,11292.0,77.06,3.62,4.083,0.597,93.84,1598.9,37.3,90.0,90.0,130,1,0
M-0320,Turbine,0.44,1216.0,77.5,2.15,4.254,0.489,72.9,1156.2,57.9,60.4,63.1,169,0,0
M-0321,Turbine,4.28,10948.0,69.91,1.76,3.054,0.336,116.43,1430.6,25.5,65.2,77.7,73,4,0
M-0322,Compressor,9.21,19809.0,78.8,3.2,3.453,0.471,85.3,1443.8,25.9,81.0,91.9,6,3,0
M-0323,Compressor,2.91,10255.0,66.04,2.05,2.68,0.32,111.6,1606.1,43.3,85.2,91.4,36,0,0
M-0324,Motor,2.84,6664.0,59.85,2.03,1.626,0.093,90.36,1351.2,45.5,58.8,100.0,9,0,0
M-0325,Conveyor,8.2,18334.0,73.09,4.79,4.844,1.042,83.72,865.3,27.6,65.6,54.5,213,0,1
M-0326,Motor,7.36,13632.0,75.1,1.85,2.67,0.443,114.02,1228.7,39.5,70.4,91.5,29,0,0
M-0327,Conveyor,1.94,5202.0,53.76,1.12,1.941,0.283,112.66,1472.5,42.4,75.0,95.7,11,0,0
M-0328,Motor,6.88,15957.0,63.6,3.5,2.435,0.453,100.28,1484.3,42.5,62.6,90.9,16,2,0
M-0329,Motor,2.32,5782.0,65.05,2.84,2.709,0.477,107.65,1836.6,50.1,62.8,95.6,152,0,0
M-0330,Compressor,2.82,6018.0,76.27,2.15,2.372,0.3,93.55,1601.1,38.7,89.8,95.7,5,0,0
M-0331,Conveyor,1.94,6894.0,48.47,1.99,2.906,0.408,97.08,1486.4,68.7,86.8,93.7,59,0,0
M-0332,Pump,1.45,5832.0,60.08,2.16,2.62,0.331,88.16,1463.9,54.8,73.6,89.0,100,1,0
M-0333,Motor,4.65,13219.0,79.57,2.1,2.425,0.494,109.15,1703.5,36.7,95.9,97.7,23,2,0
M-0334,Conveyor,1.26,4067.0,58.39,2.58,1.822,0.28,88.83,1353.7,49.3,58.0,91.4,49,1,0
M-0335,Pump,4.78,18368.0,63.14,2.48,3.12,0.446,116.95,1425.9,49.7,94.2,92.9,37,3,0
M-0336,Motor,4.68,19625.0,65.16,3.02,1.661,0.197,93.28,1234.5,65.0,74.8,94.7,28,2,0
M-0337,Pump,3.83,12084.0,72.49,3.33,3.46,0.668,94.75,1749.9,39.6,123.9,89.3,23,2,0
M-0338,Conveyor,3.01,11757.0,58.46,1.29,2.036,0.192,109.5,1573.7,58.7,43.5,95.7,3,1,0
M-0339,Pump,2.57,10160.0,67.44,1.66,1.962,0.023,99.21,1331.8,48.6,52.6,96.6,15,0,0
M-0340,Turbine,1.73,6288.0,69.1,0.27,2.383,0.243,94.9,1464.4,68.9,72.5,97.2,9,0,0
M-0341,Pump,10.62,29157.0,65.25,2.85,2.609,0.575,95.79,1569.5,66.1,72.2,95.8,27,2,0
M-0342,Turbine,3.7,6367.0,80.86,3.13,4.079,0.815,107.89,1392.8,50.8,100.1,86.2,63,0,0
M-0343,Conveyor,3.61,5573.0,52.56,2.45,2.39,0.183,89.5,1368.7,44.3,53.0,99.8,12,0,0
M-0344,Motor,2.02,5622.0,60.05,1.07,2.54,0.235,96.35,1334.9,55.1,81.3,92.9,15,0,0
M-0345,Conveyor,9.92,28106.0,58.55,4.05,3.124,0.483,95.2,1519.0,45.5,85.9,83.8,18,2,0
M-0346,Conveyor,2.7,7023.0,52.27,2.88,2.645,0.358,109.73,1394.5,71.5,77.7,97.9,70,0,0
M-0347,Turbine,5.11,15491.0,71.19,3.58,3.296,0.476,95.05,1360.2,49.1,47.7,82.8,90,1,0
M-0348,Pump,5.8,17351.0,61.97,2.79,3.014,0.371,121.8,1166.5,42.3,90.3,91.7,7,1,0
M-0349,Motor,4.65,17477.0,71.69,3.67,2.482,0.498,93.65,1470.3,41.6,87.1,95.7,105,1,0
M-0350,Pump,1.23,2203.0,58.4,1.46,1.999,0.127,94.42,1434.8,31.0,75.8,88.6,69,0,0
M-0351,Motor,6.69,14104.0,52.26,2.72,1.772,0.405,95.48,1405.4,55.8,68.7,97.2,4,2,0
M-0352,Pump,2.68,9756.0,57.64,1.69,1.978,0.198,79.82,1524.0,36.5,69.1,94.1,50,0,0
M-0353,Motor,7.31,27688.0,65.78,1.69,2.457,0.412,82.34,1629.1,63.4,63.6,90.0,40,2,0
M-0354,Motor,4.09,17104.0,63.4,1.76,2.238,0.206,90.09,1626.4,29.9,76.5,91.6,33,1,0
M-0355,Compressor,6.04,23305.0,75.15,2.33,2.781,0.263,113.69,1596.8,49.8,65.6,91.3,4,1,0
M-0356,Motor,9.5,37068.0,67.09,2.44,2.235,0.455,95.7,1403.9,64.1,49.7,90.8,47,1,0
M-0357,Conveyor,6.53,15329.0,62.92,2.73,2.894,0.368,90.53,1345.0,17.9,46.1,93.4,35,2,0
M-0358,Conveyor,6.14,15874.0,57.33,1.15,2.371,0.345,115.2,1248.2,76.3,51.5,100.0,14,3,0
M-0359,Compressor,6.89,15329.0,70.0,1.2,3.291,0.505,119.11,1340.2,42.0,69.0,94.9,27,1,0
M-0360,Motor,2.25,7056.0,62.19,3.21,1.837,0.411,115.2,1477.6,50.0,64.5,83.3,66,0,0
M-0361,Turbine,7.51,30309.0,72.3,3.07,2.816,0.47,85.32,1296.2,56.0,68.9,88.6,2,3,0
M-0362,Pump,3.49,8495.0,58.39,1.48,1.937,0.407,91.45,1502.9,58.2,74.0,100.0,25,2,0
M-0363,Pump,3.58,10758.0,64.76,2.46,2.719,0.414,122.82,1258.6,51.8,53.7,92.0,83,1,0
M-0364,Pump,4.55,10457.0,65.85,3.45,2.773,0.452,99.81,1094.5,62.0,91.4,90.1,25,0,0
M-0365,Motor,3.26,6375.0,62.25,2.71,2.063,0.457,93.7,1651.5,55.3,60.2,92.0,88,2,0
M-0366,Compressor,1.88,3802.0,69.32,1.91,1.98,0.293,109.2,1386.0,72.7,57.2,95.8,8,0,0
M-0367,Conveyor,4.3,7128.0,62.94,3.42,3.471,0.501,110.74,1278.1,55.3,73.7,80.3,66,0,0
M-0368,Motor,3.59,14603.0,68.88,2.65,2.489,0.379,87.76,1211.6,75.5,31.9,69.6,125,1,0
M-0369,Compressor,3.5,9055.0,66.76,1.95,2.144,0.131,101.92,1580.1,60.6,50.8,99.0,7,0,0
M-0370,Conveyor,3.99,14976.0,62.45,2.96,3.339,0.465,109.05,1758.4,22.7,82.7,83.0,79,1,0
M-0371,Conveyor,0.5,1669.0,50.58,1.62,1.341,0.252,83.01,1402.9,84.6,33.7,91.5,14,0,0
M-0372,Pump,3.52,7101.0,63.14,2.06,2.534,0.311,98.04,1428.6,40.0,85.1,99.4,6,0,0
M-0373,Compressor,10.26,20257.0,74.2,3.41,4.077,0.711,79.42,1679.8,68.9,92.2,90.1,5,2,0
M-0374,Compressor,9.75,35994.0,67.84,2.7,3.424,0.545,83.1,1066.4,48.4,58.3,100.0,23,0,0
M-0375,Pump,4.41,9770.0,55.89,1.6,2.25,0.416,90.16,1910.7,62.9,70.3,86.4,1,2,0
M-0376,Pump,4.31,17074.0,62.24,2.89,2.222,0.463,104.25,2010.4,38.4,85.1,100.0,13,0,0
M-0377,Turbine,0.35,659.0,69.9,1.27,2.264,0.092,94.53,893.8,56.8,56.6,89.0,23,0,0
M-0378,Compressor,2.8,9332.0,65.4,2.08,2.612,0.337,89.04,1457.3,44.5,80.6,100.0,26,0,0
M-0379,Compressor,6.85,25330.0,80.31,2.31,2.659,0.302,98.09,1312.3,70.1,52.9,89.4,10,0,0
M-0380,Conveyor,3.2,6823.0,59.89,2.31,2.379,0.093,82.36,1423.9,54.1,56.4,91.2,17,0,0
M-0381,Motor,8.41,18892.0,71.4,1.21,2.386,0.332,103.39,1378.6,61.1,50.6,98.7,9,1,0
M-0382,Turbine,8.08,33180.0,75.28,3.0,3.676,0.491,113.26,1649.5,17.7,71.2,100.0,13,1,1
M-0383,Conveyor,2.76,6111.0,66.73,2.09,2.775,0.412,96.23,1445.3,46.8,85.8,98.9,54,0,0
M-0384,Compressor,4.65,12374.0,64.98,2.93,2.923,0.488,95.3,1278.6,53.7,61.7,96.1,24,1,0
M-0385,Compressor,10.78,28771.0,64.63,2.83,3.538,0.55,100.91,1413.5,51.1,42.1,92.7,61,0,0
M-0386,Turbine,1.2,2623.0,65.78,1.82,2.43,0.438,70.67,1602.7,61.5,45.5,91.4,12,1,0
M-0387,Motor,3.25,11683.0,64.83,3.14,1.765,0.248,106.21,1224.9,42.9,72.1,95.6,1,1,0
M-0388,Turbine,1.09,3889.0,74.3,2.52,3.349,0.419,140.26,1102.2,48.7,98.2,89.9,35,0,0
M-0389,Pump,2.12,5337.0,63.66,3.0,2.19,0.174,96.26,1915.7,64.5,72.1,90.0,57,0,0
M-0390,Conveyor,12.81,48094.0,67.87,2.97,2.822,0.596,94.48,1315.4,16.1,58.0,98.0,4,1,0
M-0391,Motor,3.25,6743.0,68.98,2.9,2.065,0.357,107.34,1435.2,56.3,78.8,82.5,51,0,0
M-0392,Pump,0.66,991.0,60.93,1.64,1.597,0.062,122.77,1409.5,43.3,60.7,100.0,6,0,0
M-0393,Motor,1.86,5656.0,58.72,2.48,1.872,0.355,112.38,1606.3,35.2,58.2,89.5,16,0,0
M-0394,Motor,0.97,4069.0,57.78,1.52,1.264,0.331,68.67,1877.1,52.7,47.7,92.6,37,0,0
M-0395,Pump,4.78,7665.0,71.52,2.01,2.674,0.506,104.96,1594.6,65.2,90.4,97.2,5,0,0
M-0396,Compressor,5.74,11840.0,70.65,2.11,2.795,0.327,133.37,1136.3,62.5,19.3,92.3,44,4,0
M-0397,Conveyor,7.58,21984.0,60.65,3.08,3.226,0.5,104.66,1149.9,46.1,79.4,84.0,34,3,1
M-0398,Compressor,6.6,24351.0,67.99,2.39,3.412,0.366,81.12,1381.7,60.3,56.7,97.1,48,0,0
M-0399,Compressor,1.26,2189.0,62.07,2.15,2.385,0.239,103.34,1434.2,60.2,57.6,96.0,4,0,0
M-0400,Compressor,5.55,14239.0,70.49,3.69,3.641,0.631,78.32,1078.9,46.8,95.5,94.2,13,2,0
